day,topic,caption,hashtags
1,Gym Muscle Building: A list of top 5 exercises for toning and building muscles.,Let's explore gym together and see how it impacts your Gym Muscle Building: A list of top 5 exercises for toning and building muscles..,#SuccessMindset #LifeTips #GymMuscleBuilding #PositiveVibes #DailyInspiration
2,- Bench Press (Upper Back),The secret to successful gym is understanding - Bench Press (Upper Back). Here's why!,#GymMuscleBuilding #PositiveThinking #LifeGoals #MindsetShift #GrowthMindset
3,- Push-Up (Front & Side),From novice to expert: gym strategies for - Push-Up (Front & Side).,#LifeGoals #GymMuscleBuilding #MindsetShift #PositiveThinking #GrowthMindset
4,- Deadlifts,âš¡ The untold benefits of gym when approaching - Deadlifts.,#DailyTips #Growth #Motivation #GymMuscleBuilding #LifeHacks
5,- Russian Rows,Ready to transform your gym journey? Today we're focusing on - Russian Rows!,#MindsetMatters #DailyMotivation #GoodVibes #GymMuscleBuilding #LifeLessons
6,- Squats (Legs),Transformative gym practices: - Squats (Legs) edition.,#GrowthMindset #LifeGoals #GymMuscleBuilding #PositiveThinking #DailyWisdom
7,Gym Muscle Building: A step-by-step guide to building strength and muscles.,ðŸ“ˆ Mastering gym through the lens of Gym Muscle Building: A step-by-step guide to building strength and muscles.. A fresh perspective!,#GymMuscleBuilding #MindsetShift #LifeGoals #DailyWisdom #GrowthMindset
8,- Set up a gym workout plan,The gym revolution starts with - Set up a gym workout plan. Are you ready?,#LifeHacks #Growth #DailyTips #GymMuscleBuilding #Inspiration
9,- Create a workout routine,ðŸ’¯ Have you incorporated gym into your - Create a workout routine routine yet? Here's how to start.,#GymMuscleBuilding #PositiveThinking #DailyWisdom #GrowthMindset #LifeGoals
10,- Work on building the upper body,ðŸ“ˆ The untold benefits of gym when approaching - Work on building the upper body.,#GymMuscleBuilding #DailyWisdom #MindsetShift #PositiveThinking #GrowthMindset
11,- Bench Press,Your daily dose of gym inspiration: - Bench Press made simple.,#GymMuscleBuilding #PersonalGrowth #PositiveVibes #LifeTips #DailyInspiration
12,- Pull-Ups,ðŸ“ˆ Struggling with gym? Our - Pull-Ups approach might be just what you need.,#GymMuscleBuilding #Motivation #DailyTips #Growth #LifeHacks
13,- Shoulder Presses,The most overlooked aspect of gym is - Shoulder Presses. Let's change that!,#LifeGoals #PositiveThinking #GymMuscleBuilding #GrowthMindset #DailyWisdom
14,- Tricep Dips,âš¡ Struggling with gym? Our - Tricep Dips approach might be just what you need.,#GymMuscleBuilding #Inspiration #Motivation #Growth #LifeHacks
15,- Work on building the lower body,From novice to expert: gym strategies for - Work on building the lower body.,#GymMuscleBuilding #SuccessMindset #PositiveVibes #PersonalGrowth #LifeTips
16,- Squats (Legs),âš¡ Why gym matters: The impact of - Squats (Legs) on your daily life.,#GymMuscleBuilding #MindsetMatters #DailyMotivation #InspirationDaily #GoodVibes
17,- Deadlifts,ðŸŒˆ The untold benefits of gym when approaching - Deadlifts.,#LifeHacks #GymMuscleBuilding #Inspiration #DailyTips #Growth
18,- Russian Rows,ðŸš€ The gym advantage: Leveraging - Russian Rows for maximum results.,#PersonalGrowth #GymMuscleBuilding #LifeTips #SuccessMindset #PositiveVibes
19,- Calf Raises,Breaking down gym concepts: - Calf Raises explained simply.,#DailyMotivation #GoodVibes #InspirationDaily #MindsetMatters #GymMuscleBuilding
20,Gym Muscle Building: A recipe for a protein-rich meal to help with muscle building.,ðŸŒŸ Discover how gym can change your perspective on Gym Muscle Building: A recipe for a protein-rich meal to help with muscle building..,#Inspiration #DailyTips #Motivation #GymMuscleBuilding #Growth
